ticker,ts,close,is_stale
AAPL,2026-07-08,313.3900146484375,0
AAPL,2026-07-09,316.2200012207031,0
AAPL,2026-07-10,315.32000732421875,0
AAPL,2026-07-13,317.30999755859375,0
AAPL,2026-07-14,314.8599853515625,0
AAPL,2026-07-15,327.5,0
AAPL,2026-07-16,333.260009765625,0
AAPL,2026-07-17,333.739990234375,0
AAPL,2026-07-20,326.5899963378906,0
AAPL,2026-07-21,327.739990234375,0
AAPL,2026-07-22,325.8900146484375,0
AAPL,2026-07-23,321.6600036621094,0
AAPL,2026-07-24,333.0199890136719,0
AAPL,2026-07-27,336.9100036621094,0
AAPL,2026-07-28,340.0799865722656,0
AAPL,2026-07-29,338.19000244140625,0
AAPL,2026-07-30,333.42999267578125,0
AAPL,2026-07-31,308.9100036621094,0
AAPL,2026-08-03,303.4200134277344,0
AAPL,2026-08-04,309.3800048828125,0
AAPL,2026-08-05,311.0,0
AAPL,2026-08-06,312.4100036621094,0
AAPL,2026-08-07,313.3299865722656,0
AAPL,2026-08-09,313.3299865722656,1
MSFT,2026-07-08,383.3399963378906,0
MSFT,2026-07-09,384.3599853515625,0
MSFT,2026-07-10,385.1000061035156,0
MSFT,2026-07-13,390.989990234375,0
MSFT,2026-07-14,384.92999267578125,0
MSFT,2026-07-15,395.6300048828125,0
MSFT,2026-07-16,401.1000061035156,0
MSFT,2026-07-17,393.82000732421875,0
MSFT,2026-07-20,402.2900085449219,0
MSFT,2026-07-21,397.75,0
MSFT,2026-07-22,390.3399963378906,0
MSFT,2026-07-23,381.5799865722656,0
MSFT,2026-07-24,381.70001220703125,0
MSFT,2026-07-27,389.1000061035156,0
MSFT,2026-07-28,393.3500061035156,0
MSFT,2026-07-29,390.5400085449219,0
MSFT,2026-07-30,451.1000061035156,0
MSFT,2026-07-31,464.7200012207031,0
MSFT,2026-08-03,487.6499938964844,0
MSFT,2026-08-04,492.80999755859375,0
MSFT,2026-08-05,487.4599914550781,0
MSFT,2026-08-06,499.8599853515625,0
MSFT,2026-08-07,499.989990234375,0
MSFT,2026-08-09,499.989990234375,1
0700.HK,2026-07-07,461.20001220703125,0
0700.HK,2026-07-08,478.79998779296875,0
0700.HK,2026-07-09,469.6000061035156,0
0700.HK,2026-07-10,460.20001220703125,0
0700.HK,2026-07-13,457.6000061035156,0
0700.HK,2026-07-14,456.20001220703125,0
0700.HK,2026-07-15,474.0,0
0700.HK,2026-07-16,484.0,0
0700.HK,2026-07-17,461.6000061035156,0
0700.HK,2026-07-20,477.79998779296875,0
0700.HK,2026-07-21,474.0,0
0700.HK,2026-07-22,440.6000061035156,0
0700.HK,2026-07-23,445.20001220703125,0
0700.HK,2026-07-24,434.6000061035156,0
0700.HK,2026-07-27,443.0,0
0700.HK,2026-07-28,447.20001220703125,0
0700.HK,2026-07-29,466.3999938964844,0
0700.HK,2026-07-30,471.79998779296875,0
0700.HK,2026-07-31,475.20001220703125,0
0700.HK,2026-08-03,490.3999938964844,0
0700.HK,2026-08-04,487.6000061035156,0
0700.HK,2026-08-05,492.20001220703125,0
0700.HK,2026-08-06,479.20001220703125,0
0700.HK,2026-08-07,478.79998779296875,0
0700.HK,2026-08-09,478.79998779296875,1
0005.HK,2026-07-07,153.3000030517578,0
0005.HK,2026-07-08,151.89999389648438,0
0005.HK,2026-07-09,152.3000030517578,0
0005.HK,2026-07-10,153.5,0
0005.HK,2026-07-13,153.8000030517578,0
0005.HK,2026-07-14,152.60000610351562,0
0005.HK,2026-07-15,155.3000030517578,0
0005.HK,2026-07-16,156.89999389648438,0
0005.HK,2026-07-17,156.89999389648438,0
0005.HK,2026-07-20,157.8000030517578,0
0005.HK,2026-07-21,156.5,0
0005.HK,2026-07-22,158.89999389648438,0
0005.HK,2026-07-23,161.5,0
0005.HK,2026-07-24,161.39999389648438,0
0005.HK,2026-07-27,162.8000030517578,0
0005.HK,2026-07-28,162.0,0
0005.HK,2026-07-29,164.6999969482422,0
0005.HK,2026-07-30,164.5,0
0005.HK,2026-07-31,168.1999969482422,0
0005.HK,2026-08-03,168.1999969482422,0
0005.HK,2026-08-04,166.5,0
0005.HK,2026-08-05,162.10000610351562,0
0005.HK,2026-08-06,160.10000610351562,0
0005.HK,2026-08-07,161.1999969482422,0
0005.HK,2026-08-09,161.1999969482422,1
7203.T,2026-07-07,2946.0,0
7203.T,2026-07-08,2889.0,0
7203.T,2026-07-09,2824.0,0
7203.T,2026-07-10,2823.0,0
7203.T,2026-07-13,2806.0,0
7203.T,2026-07-14,2839.0,0
7203.T,2026-07-15,2875.5,0
7203.T,2026-07-16,2909.0,0
7203.T,2026-07-17,2899.5,0
7203.T,2026-07-20,2899.5,1
7203.T,2026-07-21,2944.5,0
7203.T,2026-07-22,2939.0,0
7203.T,2026-07-23,2950.0,0
7203.T,2026-07-24,2897.0,0
7203.T,2026-07-27,2965.5,0
7203.T,2026-07-28,3008.0,0
7203.T,2026-07-29,3224.0,0
7203.T,2026-07-30,3126.0,0
7203.T,2026-07-31,3067.0,0
7203.T,2026-08-03,2963.5,0
7203.T,2026-08-04,2918.5,0
7203.T,2026-08-05,2914.5,0
7203.T,2026-08-06,2983.5,0
7203.T,2026-08-07,2980.0,0
7203.T,2026-08-09,2980.0,1
6758.T,2026-07-07,3502.0,0
6758.T,2026-07-08,3468.0,0
6758.T,2026-07-09,3409.0,0
6758.T,2026-07-10,3359.0,0
6758.T,2026-07-13,3341.0,0
6758.T,2026-07-14,3383.0,0
6758.T,2026-07-15,3389.0,0
6758.T,2026-07-16,3438.0,0
6758.T,2026-07-17,3470.0,0
6758.T,2026-07-20,3470.0,1
6758.T,2026-07-21,3458.0,0
6758.T,2026-07-22,3444.0,0
6758.T,2026-07-23,3445.0,0
6758.T,2026-07-24,3409.0,0
6758.T,2026-07-27,3574.0,0
6758.T,2026-07-28,3662.0,0
6758.T,2026-07-29,3809.0,0
6758.T,2026-07-30,3809.0,0
6758.T,2026-07-31,3787.0,0
6758.T,2026-08-03,3589.0,0
6758.T,2026-08-04,3539.0,0
6758.T,2026-08-05,3565.0,0
6758.T,2026-08-06,3626.0,0
6758.T,2026-08-07,3721.0,0
6758.T,2026-08-09,3721.0,1
SAP.DE,2026-07-07,143.89999389648438,0
SAP.DE,2026-07-08,137.9600067138672,0
SAP.DE,2026-07-09,137.74000549316406,0
SAP.DE,2026-07-10,137.5800018310547,0
SAP.DE,2026-07-13,140.72000122070312,0
SAP.DE,2026-07-14,136.72000122070312,0
SAP.DE,2026-07-15,136.97999572753906,0
SAP.DE,2026-07-16,137.63999938964844,0
SAP.DE,2026-07-17,137.9199981689453,0
SAP.DE,2026-07-20,138.25999450683594,0
SAP.DE,2026-07-21,136.4199981689453,0
SAP.DE,2026-07-22,132.0399932861328,0
SAP.DE,2026-07-23,128.32000732421875,0
SAP.DE,2026-07-24,140.1999969482422,0
SAP.DE,2026-07-27,151.27999877929688,0
SAP.DE,2026-07-28,159.24000549316406,0
SAP.DE,2026-07-29,162.0399932861328,0
SAP.DE,2026-07-30,155.9199981689453,0
SAP.DE,2026-07-31,155.9199981689453,1
SAP.DE,2026-08-03,164.63999938964844,0
SAP.DE,2026-08-04,167.3800048828125,0
SAP.DE,2026-08-05,169.25999450683594,0
SAP.DE,2026-08-06,170.97999572753906,0
SAP.DE,2026-08-07,177.9600067138672,0
SAP.DE,2026-08-09,177.9600067138672,1
SIE.DE,2026-07-07,269.6000061035156,0
SIE.DE,2026-07-08,265.54998779296875,0
SIE.DE,2026-07-09,273.79998779296875,0
SIE.DE,2026-07-10,272.8500061035156,0
SIE.DE,2026-07-13,272.1000061035156,0
SIE.DE,2026-07-14,272.8999938964844,0
SIE.DE,2026-07-15,270.1000061035156,0
SIE.DE,2026-07-16,270.70001220703125,0
SIE.DE,2026-07-17,264.54998779296875,0
SIE.DE,2026-07-20,265.1499938964844,0
SIE.DE,2026-07-21,270.45001220703125,0
SIE.DE,2026-07-22,271.25,0
SIE.DE,2026-07-23,268.20001220703125,0
SIE.DE,2026-07-24,272.25,0
SIE.DE,2026-07-27,272.75,0
SIE.DE,2026-07-28,271.75,0
SIE.DE,2026-07-29,271.25,0
SIE.DE,2026-07-30,281.1000061035156,0
SIE.DE,2026-07-31,281.1000061035156,1
SIE.DE,2026-08-03,285.29998779296875,0
SIE.DE,2026-08-04,287.45001220703125,0
SIE.DE,2026-08-05,285.95001220703125,0
SIE.DE,2026-08-06,273.1000061035156,0
SIE.DE,2026-08-07,279.79998779296875,0
SIE.DE,2026-08-09,279.79998779296875,1
